{
    "localeName": "English",
    "stayTop": "Stay on top",
    "listenClipboard": "Listen Clipboard",
    "autoCopy": "Auto Copy",
    "autoPaste": "Auto Paste",
    "autoPurify": "Auto Purify",
    "incrementalCopy": "Incremental Copy",
    "smartDict": "Smart Dict",
    "translate": "Translate",
    "copySource": "Copy Source",
    "copyResult": "Copy Result",
    "source": "Source",
    "result": "Result",
    "sourceLanguage": "Source Language",
    "targetLanguage": "Target Language",
    "detectLanguage": "Detect Language",
    "languageDetected": "Language detected",
    "clear": "Clear",
    "helpAndUpdate": "Help And Update",
    "exit": "Exit",
    "contrastMode": "Contrast Mode",
    "focusMode": "Focus Mode",
    "switchMode": "Switch Mode",
    "autoHide": "Auto Hide",
    "autoFormat": "Auto Format",
    "autoShow": "Auto Show",
    "settings": "Settings",
    "viewSource": "View Source",
    "localeSetting": "Locale",
    "return": "Return",
    "retryTranslate": "Retry Translate",
    "dragCopy": "Drag Copy",
    "hideDirect": "Hide Direction",
    "translatorType": "Translator Type",
    "evaluate": "Evaluate",
    "homepage": "Homepage",
    "userManual": "User Manual",
    "checkUpdate": "Check Update",
    "toDownload": "To Download",
    "changelog": "Change Log",
    "cancel": "Cancel",
    "ok": "OK",
    "restoreDefault": "Restore default settings",
    "enableNotify": "Enable Notify",
    "smartTranslate": "Smart Translate",
    "APP_ID": "APP_ID",
    "API_KEY": "API_KEY",
    "SECRET_KEY": "SECRET_KEY",
    "capture": "Screenshot Translate",
    "OCRConfig": "OCR Config",
    "undo": "undo",
    "redo": "redo",
    "cut": "cut",
    "copy": "copy",
    "paste": "paste",
    "pasteAndMatchStyle": "pasteAndMatchStyle",
    "selectAll": "selectAll",
    "delete": "delete",
    "minimize": "minimize",
    "close": "close",
    "quit": "quit",
    "reload": "reload",
    "forcereload": "forcereload",
    "toggledevtools": "toggledevtools",
    "toggleFullScreen": "toggleFullScreen",
    "resetzoom": "resetzoom",
    "zoomin": "zoomin",
    "zoomout": "zoomout",
    "editMenu": "editMenu",
    "windowMenu": "windowMenu",
    "switches": "Switches",
    "options": "Options",
    "skipTaskbar": "Skip Taskbar"
}