{
    "localeName": "简体中文",
    "stayTop": "总是置顶",
    "listenClipboard": "监听剪贴板",
    "autoCopy": "自动复制",
    "autoPaste": "自动粘贴",
    "autoPurify": "自动净化",
    "incrementalCopy": "增量复制",
    "smartDict": "智能词典",
    "translate": "翻译",
    "copySource": "复制原文",
    "copyResult": "复制译文",
    "source": "原文",
    "result": "译文",
    "sourceLanguage": "源语言",
    "targetLanguage": "目标语言",
    "detectLanguage": "检测语言",
    "languageDetected": "检测到语言",
    "clear": "清空",
    "helpAndUpdate": "帮助与更新",
    "exit": "退出",
    "contrastMode": "对照模式",
    "focusMode": "专注模式",
    "switchMode": "切换模式",
    "autoHide": "自动隐藏",
    "autoFormat": "自动格式化",
    "autoShow": "自动显示",
    "settings": "设置",
    "viewSource": "查看原文",
    "localeSetting": "区域设置",
    "return": "返回",
    "retryTranslate": "重试翻译",
    "dragCopy": "拖拽复制",
    "hideDirect": "隐藏方向",
    "translatorType": "翻译器",
    "evaluate": "评估",
    "homepage": "官网",
    "userManual": "用户手册",
    "checkUpdate": "检查更新",
    "toDownload": "前往下载",
    "changelog": "更新日志",
    "cancel": "取消",
    "ok": "确定",
    "restoreDefault": "恢复默认设置",
    "enableNotify": "启用通知",
    "smartTranslate": "智能互译",
    "APP_ID": "APP_ID",
    "API_KEY": "API_KEY",
    "SECRET_KEY": "SECRET_KEY",
    "capture": "截图翻译",
    "OCRConfig": "OCR 设置",
    "undo": "撤销",
    "redo": "重做",
    "cut": "剪切",
    "copy": "复制",
    "paste": "粘贴",
    "pasteAndMatchStyle": "粘贴并匹配样式",
    "selectAll": "全选",
    "delete": "删除",
    "minimize": "最小化",
    "close": "关闭",
    "quit": "退出",
    "reload": "重载",
    "forcereload": "强制重载",
    "toggledevtools": "开启开发者工具",
    "toggleFullScreen": "开启全屏",
    "resetzoom": "重置缩放",
    "zoomin": "放大",
    "zoomout": "缩小",
    "editMenu": "编辑菜单",
    "windowMenu": "窗口菜单",
    "switches": "开关",
    "options": "选项",
    "skipTaskbar": "隐藏任务栏"
}